AK,02013,NaN
AK,02016,NaN
AK,02020,75.3
AK,02050,NaN
AK,02060,NaN
AK,02068,NaN
AK,02070,NaN
AK,02090,58.7
AK,02100,NaN
AK,02105,NaN
AK,02110,90.9
AK,02122,101.7
AK,02130,112.7
AK,02150,47.7
AK,02164,NaN
AK,02170,91.0
AK,02180,NaN
AK,02185,NaN
AK,02188,NaN
AK,02195,101.2
AK,02198,10.7
AK,02220,NaN
AK,02230,NaN
AK,02240,NaN
AK,02261,60.9
AK,02270,NaN
AK,02275,NaN
AK,02282,NaN
AK,02290,NaN
AL,01001,157.8
AL,01003,156.4
AL,01005,118.3
AL,01007,69.2
AL,01009,66.6
AL,01011,40.8
AL,01013,158.6
AL,01015,185.6
AL,01017,168.4
AL,01019,165.3
AL,01021,130.3
AL,01023,125.8
AL,01025,181.9
AL,01027,144.6
AL,01029,36.9
AL,01031,168.8
AL,01033,221.2
AL,01035,172.7
AL,01037,56.8
AL,01039,202.5
AL,01041,120.5
AL,01043,191.4
AL,01045,77.3
AL,01047,118.6
AL,01049,122.3
AL,01051,137.8
AL,01053,152.1
AL,01055,191.1
AL,01057,66.0
AL,01059,246.0
AL,01061,41.6
AL,01063,32.9
AL,01065,98.6
AL,01067,37.5
AL,01069,185.2
AL,01071,140.7
AL,01073,141.2
AL,01075,50.6
AL,01077,170.4
AL,01079,129.3
AL,01081,80.0
AL,01083,76.5
AL,01085,15.9
AL,01087,62.3
AL,01089,132.2
AL,01091,141.5
AL,01093,228.7
AL,01095,240.4
AL,01097,163.4
AL,01099,130.4
AL,01101,111.9
AL,01103,161.6
AL,01105,NaN
AL,01107,126.4
AL,01109,121.8
AL,01111,137.9
AL,01113,155.2
AL,01115,117.5
AL,01117,128.1
AL,01119,51.6
AL,01121,166.9
AL,01123,110.1
AL,01125,126.8
AL,01127,335.1
AL,01129,38.6
AL,01131,50.0
AL,01133,205.2
AR,05001,90.1
AR,05003,85.9
AR,05005,159.9
AR,05007,96.8
AR,05009,168.7
AR,05011,115.5
AR,05013,111.8
AR,05015,79.5
AR,05017,60.6
AR,05019,126.2
AR,05021,70.0
AR,05023,112.1
AR,05025,NaN
AR,05027,136.1
AR,05029,107.4
AR,05031,161.9
AR,05033,184.6
AR,05035,101.9
AR,05037,116.1
AR,05039,116.7
AR,05041,129.7
AR,05043,114.0
AR,05045,106.4
AR,05047,34.3
AR,05049,111.2
AR,05051,215.7
AR,05053,28.2
AR,05055,175.6
AR,05057,154.6
AR,05059,117.7
AR,05061,167.0
AR,05063,218.0
AR,05065,108.0
AR,05067,169.1
AR,05069,91.3
AR,05071,89.0
AR,05073,NaN
AR,05075,39.6
AR,05077,NaN
AR,05079,46.4
AR,05081,119.5
AR,05083,31.9
AR,05085,121.0
AR,05087,43.8
AR,05089,69.7
AR,05091,134.3
AR,05093,113.7
AR,05095,32.2
AR,05097,112.2
AR,05099,15.5
AR,05101,NaN
AR,05103,124.1
AR,05105,99.3
AR,05107,177.1
AR,05109,NaN
AR,05111,86.9
AR,05113,83.3
AR,05115,157.1
AR,05117,119.3
AR,05119,119.1
AR,05121,108.2
AR,05123,86.1
AR,05125,106.4
AR,05127,106.6
AR,05129,118.6
AR,05131,229.4
AR,05133,27.7
AR,05135,94.5
AR,05137,76.7
AR,05139,127.8
AR,05141,85.1
AR,05143,116.3
AR,05145,133.0
AR,05147,46.1
AR,05149,30.5
AZ,04001,21.5
AZ,04003,87.4
AZ,04005,58.5
AZ,04007,135.8
AZ,04009,123.6
AZ,04011,NaN
AZ,04012,85.9
AZ,04013,83.6
AZ,04015,144.6
AZ,04017,76.1
AZ,04019,94.0
AZ,04021,66.2
AZ,04023,24.8
AZ,04025,116.2
AZ,04027,61.8
CA,06001,43.0
CA,06003,NaN
CA,06005,139.0
CA,06007,164.4
CA,06009,100.2
CA,06011,54.6
CA,06013,59.6
CA,06015,171.4
CA,06017,79.6
CA,06019,71.3
CA,06021,83.2
CA,06023,138.6
CA,06025,56.2
CA,06027,72.8
CA,06029,68.3
CA,06031,87.9
CA,06033,176.4
CA,06035,112.6
CA,06037,41.8
CA,06039,63.0
CA,06041,51.9
CA,06043,78.8
CA,06045,137.2
CA,06047,74.7
CA,06049,138.8
CA,06051,57.6
CA,06053,68.7
CA,06055,50.5
CA,06057,110.0
CA,06059,51.8
CA,06061,75.2
CA,06063,117.5
CA,06065,56.9
CA,06067,65.2
CA,06069,46.2
CA,06071,56.8
CA,06073,49.1
CA,06075,44.5
CA,06077,70.4
CA,06079,85.7
CA,06081,40.3
CA,06083,67.3
CA,06085,32.3
CA,06087,78.8
CA,06089,163.6
CA,06091,18.3
CA,06093,121.3
CA,06095,58.2
CA,06097,72.3
CA,06099,112.4
CA,06101,139.5
CA,06103,126.9
CA,06105,126.7
CA,06107,88.9
CA,06109,181.9
CA,06111,63.6
CA,06113,65.4
CA,06115,108.0
CO,08001,61.9
CO,08003,225.8
CO,08005,66.5
CO,08007,70.4
CO,08009,99.9
CO,08011,57.9
CO,08013,59.9
CO,08014,70.2
CO,08015,116.4
CO,08017,68.2
CO,08019,41.2
CO,08021,NaN
CO,08023,NaN
CO,08025,36.3
CO,08027,NaN
CO,08029,103.4
CO,08031,50.4
CO,08033,NaN
CO,08035,58.5
CO,08037,49.7
CO,08039,34.8
CO,08041,78.2
CO,08043,85.5
CO,08045,95.6
CO,08047,NaN
CO,08049,55.7
CO,08051,59.5
CO,08053,NaN
CO,08055,117.3
CO,08057,NaN
CO,08059,86.4
CO,08061,114.4
CO,08063,NaN
CO,08065,86.4
CO,08067,79.7
CO,08069,84.2
CO,08071,121.4
CO,08073,NaN
CO,08075,101.1
CO,08077,91.7
CO,08079,NaN
CO,08081,186.7
CO,08083,97.4
CO,08085,107.6
CO,08087,96.7
CO,08089,137.0
CO,08091,46.4
CO,08093,11.7
CO,08095,33.8
CO,08097,17.4
CO,08099,99.4
CO,08101,141.7
CO,08103,40.2
CO,08105,59.3
CO,08107,81.5
CO,08109,NaN
CO,08111,NaN
CO,08113,43.7
CO,08115,79.4
CO,08117,82.0
CO,08119,122.2
CO,08121,NaN
CO,08123,75.6
CO,08125,84.4
CT,09001,54.5
CT,09003,70.2
CT,09005,73.9
CT,09007,72.5
CT,09009,79.4
CT,09011,81.3
CT,09013,55.4
CT,09015,84.6
DC,11001,40.3
DE,10001,87.4
DE,10003,85.4
DE,10005,122.6
FL,12001,78.2
FL,12003,142.0
FL,12005,124.2
FL,12007,113.4
FL,12009,98.6
FL,12011,58.8
FL,12013,71.3
FL,12015,92.3
FL,12017,110.4
FL,12019,106.5
FL,12021,66.3
FL,12023,125.0
FL,12027,59.5
FL,12029,39.2
FL,12031,99.0
FL,12033,130.1
FL,12035,89.3
FL,12037,96.2
FL,12039,65.9
FL,12041,40.1
FL,12043,5.3
FL,12045,135.6
FL,12047,45.0
FL,12049,52.4
FL,12051,78.2
FL,12053,118.8
FL,12055,78.7
FL,12057,79.6
FL,12059,108.0
FL,12061,98.5
FL,12063,120.7
FL,12065,62.2
FL,12067,61.1
FL,12069,87.1
FL,12071,74.8
FL,12073,73.4
FL,12075,129.4
FL,12077,46.4
FL,12079,81.8
FL,12081,89.0
FL,12083,91.1
FL,12085,81.8
FL,12086,34.6
FL,12087,99.0
FL,12089,123.1
FL,12091,102.7
FL,12093,117.0
FL,12095,58.0
FL,12097,74.3
FL,12099,66.9
FL,12101,102.5
FL,12103,94.4
FL,12105,79.0
FL,12107,117.1
FL,12109,69.1
FL,12111,73.9
FL,12113,125.5
FL,12115,90.5
FL,12117,67.4
FL,12119,73.9
FL,12121,90.3
FL,12123,133.6
FL,12125,67.9
FL,12127,91.3
FL,12129,97.7
FL,12131,100.3
FL,12133,169.9
GA,13001,130.3
GA,13003,75.9
GA,13005,175.3
GA,13007,NaN
GA,13009,120.4
GA,13011,60.2
GA,13013,97.4
GA,13015,120.5
GA,13017,179.8
GA,13019,95.8
GA,13021,162.3
GA,13023,153.3
GA,13025,64.4
GA,13027,116.0
GA,13029,97.2
GA,13031,88.3
GA,13033,87.8
GA,13035,94.9
GA,13037,NaN
GA,13039,83.7
GA,13043,146.4
GA,13045,139.8
GA,13047,185.9
GA,13049,95.0
GA,13051,96.8
GA,13053,NaN
GA,13055,159.3
GA,13057,77.2
GA,13059,130.2
GA,13061,108.8
GA,13063,54.5
GA,13065,143.2
GA,13067,73.0
GA,13069,176.9
GA,13071,79.6
GA,13073,93.2
GA,13075,121.1
GA,13077,94.5
GA,13079,NaN
GA,13081,174.7
GA,13083,112.7
GA,13085,170.1
GA,13087,148.1
GA,13089,49.4
GA,13091,107.9
GA,13093,NaN
GA,13095,132.8
GA,13097,104.7
GA,13099,104.3
GA,13101,NaN
GA,13103,77.9
GA,13105,136.8
GA,13107,116.0
GA,13109,169.2
GA,13111,140.2
GA,13113,86.1
GA,13115,176.4
GA,13117,65.5
GA,13119,163.9
GA,13121,54.1
GA,13123,154.2
GA,13125,NaN
GA,13127,118.8
GA,13129,154.5
GA,13131,74.8
GA,13133,133.4
GA,13135,55.0
GA,13137,127.4
GA,13139,103.9
GA,13141,53.7
GA,13143,241.9
GA,13145,7.7
GA,13147,124.0
GA,13149,NaN
GA,13151,89.5
GA,13153,114.6
GA,13155,57.9
GA,13157,120.9
GA,13159,57.3
GA,13161,115.0
GA,13163,133.2
GA,13165,36.0
GA,13167,39.6
GA,13169,48.3
GA,13171,97.2
GA,13173,NaN
GA,13175,169.0
GA,13177,49.7
GA,13179,59.3
GA,13181,NaN
GA,13183,NaN
GA,13185,120.7
GA,13187,90.8
GA,13189,170.8
GA,13191,98.9
GA,13193,60.0
GA,13195,126.3
GA,13197,NaN
GA,13199,46.7
GA,13201,140.1
GA,13205,101.7
GA,13207,64.6
GA,13209,NaN
GA,13211,63.3
GA,13213,118.6
GA,13215,110.0
GA,13217,104.4
GA,13219,64.6
GA,13221,NaN
GA,13223,69.4
GA,13225,96.8
GA,13227,148.1
GA,13229,48.2
GA,13231,NaN
GA,13233,204.2
GA,13235,99.5
GA,13237,74.3
GA,13239,NaN
GA,13241,163.0
GA,13243,183.1
GA,13245,110.4
GA,13247,85.6
GA,13249,NaN
GA,13251,44.2
GA,13253,152.8
GA,13255,164.2
GA,13257,189.3
GA,13259,68.8
GA,13261,97.5
GA,13263,NaN
GA,13265,NaN
GA,13267,61.7
GA,13269,47.7
GA,13271,52.5
GA,13273,57.1
GA,13275,110.8
GA,13277,156.6
GA,13279,189.3
GA,13281,116.2
GA,13283,NaN
GA,13285,139.8
GA,13287,79.3
GA,13289,NaN
GA,13291,171.6
GA,13293,145.2
GA,13295,47.1
GA,13297,126.8
GA,13299,215.0
GA,13301,NaN
GA,13303,102.0
GA,13305,167.2
GA,13307,NaN
GA,13309,NaN
GA,13311,94.4
GA,13313,106.7
GA,13315,NaN
GA,13317,170.5
GA,13319,NaN
GA,13321,96.2
HI,15001,85.8
HI,15003,38.9
HI,15005,NaN
HI,15007,71.6
HI,15009,69.7
IA,19001,38.9
IA,19003,NaN
IA,19005,59.0
IA,19007,123.4
IA,19009,37.7
IA,19011,4.3
IA,19013,93.1
IA,19015,65.0
IA,19017,45.8
IA,19019,36.1
IA,19021,47.9
IA,19023,38.6
IA,19025,47.2
IA,19027,121.4
IA,19029,119.3
IA,19031,20.5
IA,19033,125.5
IA,19035,63.4
IA,19037,37.1
IA,19039,92.3
IA,19041,118.8
IA,19043,37.0
IA,19045,83.7
IA,19047,64.2
IA,19049,24.1
IA,19051,58.1
IA,19053,NaN
IA,19055,55.1
IA,19057,111.5
IA,19059,86.1
IA,19061,66.9
IA,19063,51.5
IA,19065,91.9
IA,19067,102.8
IA,19069,31.5
IA,19071,72.2
IA,19073,94.5
IA,19075,8.9
IA,19077,22.9
IA,19079,67.3
IA,19081,19.2
IA,19083,61.6
IA,19085,67.9
IA,19087,78.8
IA,19089,48.9
IA,19091,55.4
IA,19093,76.7
IA,19095,21.4
IA,19097,39.5
IA,19099,80.7
IA,19101,89.8
IA,19103,43.1
IA,19105,28.2
IA,19107,17.8
IA,19109,53.0
IA,19111,132.1
IA,19113,82.8
IA,19115,26.9
IA,19117,95.0
IA,19119,24.4
IA,19121,43.5
IA,19123,73.4
IA,19125,67.5
IA,19127,91.9
IA,19129,31.5
IA,19131,35.0
IA,19133,79.3
IA,19135,105.7
IA,19137,77.4
IA,19139,75.0
IA,19141,29.7
IA,19143,29.0
IA,19145,130.7
IA,19147,56.5
IA,19149,46.6
IA,19151,64.9
IA,19153,105.7
IA,19155,104.4
IA,19157,53.0
IA,19159,66.8
IA,19161,17.0
IA,19163,87.5
IA,19165,63.5
IA,19167,29.8
IA,19169,42.8
IA,19171,22.7
IA,19173,53.5
IA,19175,145.8
IA,19177,NaN
IA,19179,120.7
IA,19181,46.5
IA,19183,45.0
IA,19185,81.5
IA,19187,98.5
IA,19189,46.7
IA,19191,40.2
IA,19193,70.0
IA,19195,NaN
IA,19197,79.5
ID,16001,87.0
ID,16003,NaN
ID,16005,116.1
ID,16007,123.9
ID,16009,94.3
ID,16011,79.5
ID,16013,50.0
ID,16015,NaN
ID,16017,105.1
ID,16019,110.6
ID,16021,82.6
ID,16023,92.5
ID,16025,NaN
ID,16027,87.1
ID,16029,113.9
ID,16031,128.9
ID,16033,NaN
ID,16035,114.1
ID,16037,40.2
ID,16039,65.2
ID,16041,88.9
ID,16043,41.0
ID,16045,119.4
ID,16047,51.0
ID,16049,71.0
ID,16051,38.5
ID,16053,84.6
ID,16055,111.1
ID,16057,76.5
ID,16059,92.0
ID,16061,227.0
ID,16063,NaN
ID,16065,56.6
ID,16067,37.0
ID,16069,148.7
ID,16071,91.5
ID,16073,31.1
ID,16075,42.8
ID,16077,35.1
ID,16079,131.8
ID,16081,69.6
ID,16083,131.2
ID,16085,109.6
ID,16087,127.3
IL,17001,136.8
IL,17003,51.1
IL,17005,75.1
IL,17007,58.6
IL,17009,NaN
IL,17011,33.1
IL,17013,NaN
IL,17015,21.8
IL,17017,53.7
IL,17019,76.4
IL,17021,107.1
IL,17023,102.4
IL,17025,98.6
IL,17027,35.1
IL,17029,122.7
IL,17031,47.5
IL,17033,30.5
IL,17035,NaN
IL,17037,62.3
IL,17039,99.4
IL,17041,14.1
IL,17043,54.6
IL,17045,129.2
IL,17047,50.7
IL,17049,127.3
IL,17051,85.4
IL,17053,NaN
IL,17055,165.2
IL,17057,80.9
IL,17059,NaN
IL,17061,9.3
IL,17063,85.4
IL,17065,NaN
IL,17067,30.3
IL,17069,253.2
IL,17071,NaN
IL,17073,64.5
IL,17075,71.9
IL,17077,135.0
IL,17079,50.4
IL,17081,138.0
IL,17083,113.2
IL,17085,48.2
IL,17087,NaN
IL,17089,48.0
IL,17091,90.0
IL,17093,64.5
IL,17095,121.4
IL,17097,60.9
IL,17099,96.3
IL,17101,115.0
IL,17103,77.1
IL,17105,90.3
IL,17107,97.9
IL,17109,82.4
IL,17111,74.1
IL,17113,67.9
IL,17115,115.3
IL,17117,48.6
IL,17119,123.8
IL,17121,136.0
IL,17123,18.9
IL,17125,76.7
IL,17127,135.4
IL,17129,NaN
IL,17131,42.9
IL,17133,89.1
IL,17135,151.4
IL,17137,128.5
IL,17139,43.3
IL,17141,27.4
IL,17143,94.6
IL,17145,121.2
IL,17147,44.6
IL,17149,59.4
IL,17151,NaN
IL,17153,78.1
IL,17155,NaN
IL,17157,61.3
IL,17159,113.9
IL,17161,88.0
IL,17163,87.4
IL,17165,237.1
IL,17167,124.1
IL,17169,118.3
IL,17171,NaN
IL,17173,40.2
IL,17175,NaN
IL,17177,94.0
IL,17179,107.5
IL,17181,163.8
IL,17183,116.1
IL,17185,132.7
IL,17187,72.4
IL,17189,6.6
IL,17191,107.8
IL,17193,123.5
IL,17195,81.9
IL,17197,60.6
IL,17199,179.6
IL,17201,117.7
IL,17203,20.6
IN,18001,71.5
IN,18003,96.1
IN,18005,141.7
IN,18007,26.2
IN,18009,134.7
IN,18011,84.4
IN,18013,48.9
IN,18015,42.0
IN,18017,86.1
IN,18019,146.9
IN,18021,128.8
IN,18023,113.8
IN,18025,72.7
IN,18027,120.5
IN,18029,108.3
IN,18031,114.5
IN,18033,86.9
IN,18035,145.5
IN,18037,131.5
IN,18039,93.3
IN,18041,180.5
IN,18043,197.6
IN,18045,144.0
IN,18047,67.3
IN,18049,118.7
IN,18051,105.8
IN,18053,147.4
IN,18055,106.7
IN,18057,65.0
IN,18059,96.6
IN,18061,118.7
IN,18063,92.8
IN,18065,120.9
IN,18067,174.0
IN,18069,107.4
IN,18071,137.8
IN,18073,130.8
IN,18075,139.3
IN,18077,151.5
IN,18079,147.5
IN,18081,113.6
IN,18083,160.4
IN,18085,91.2
IN,18087,28.7
IN,18089,95.6
IN,18091,127.7
IN,18093,165.4
IN,18095,153.4
IN,18097,101.4
IN,18099,99.5
IN,18101,123.4
IN,18103,78.0
IN,18105,93.4
IN,18107,121.4
IN,18109,159.1
IN,18111,31.5
IN,18113,93.7
IN,18115,NaN
IN,18117,144.1
IN,18119,86.9
IN,18121,64.1
IN,18123,117.3
IN,18125,118.2
IN,18127,107.0
IN,18129,72.5
IN,18131,90.7
IN,18133,99.7
IN,18135,108.8
IN,18137,119.9
IN,18139,111.1
IN,18141,100.5
IN,18143,237.4
IN,18145,103.6
IN,18147,78.2
IN,18149,155.8
IN,18151,98.8
IN,18153,147.1
IN,18155,64.9
IN,18157,90.5
IN,18159,89.9
IN,18161,65.9
IN,18163,183.3
IN,18165,122.1
IN,18167,147.0
IN,18169,116.3
IN,18171,NaN
IN,18173,101.3
IN,18175,111.7
IN,18177,130.7
IN,18179,83.3
IN,18181,98.6
IN,18183,119.0
KS,20001,196.8
KS,20003,NaN
KS,20005,121.9
KS,20007,113.4
KS,20009,122.8
KS,20011,112.7
KS,20013,50.2
KS,20015,114.3
KS,20017,NaN
KS,20019,20.7
KS,20021,40.6
KS,20023,101.6
KS,20025,NaN
KS,20027,93.2
KS,20029,89.7
KS,20031,NaN
KS,20033,NaN
KS,20035,99.1
KS,20037,149.3
KS,20039,121.0
KS,20041,59.4
KS,20043,NaN
KS,20045,82.2
KS,20047,NaN
KS,20049,NaN
KS,20051,137.9
KS,20053,85.7
KS,20055,85.1
KS,20057,91.0
KS,20059,145.2
KS,20061,79.4
KS,20063,NaN
KS,20065,177.2
KS,20067,NaN
KS,20069,25.1
KS,20071,145.5
KS,20073,NaN
KS,20075,71.1
KS,20077,74.7
KS,20079,104.9
KS,20081,NaN
KS,20083,NaN
KS,20085,54.5
KS,20087,13.8
KS,20089,NaN
KS,20091,79.6
KS,20093,71.7
KS,20095,NaN
KS,20097,NaN
KS,20099,106.1
KS,20101,NaN
KS,20103,60.0
KS,20105,NaN
KS,20107,NaN
KS,20109,100.3
KS,20111,80.1
KS,20113,97.2
KS,20115,35.2
KS,20117,35.1
KS,20119,NaN
KS,20121,23.6
KS,20123,NaN
KS,20125,118.7
KS,20127,NaN
KS,20129,271.6
KS,20131,29.1
KS,20133,32.7
KS,20135,NaN
KS,20137,99.1
KS,20139,NaN
KS,20141,175.1
KS,20143,NaN
KS,20145,47.5
KS,20147,NaN
KS,20149,NaN
KS,20151,216.6
KS,20153,NaN
KS,20155,121.9
KS,20157,121.5
KS,20159,43.5
KS,20161,78.8
KS,20163,NaN
KS,20165,61.5
KS,20167,NaN
KS,20169,157.5
KS,20171,139.3
KS,20173,114.7
KS,20175,154.9
KS,20177,122.1
KS,20179,56.8
KS,20181,112.0
KS,20183,154.2
KS,20185,NaN
KS,20187,NaN
KS,20189,NaN
KS,20191,85.7
KS,20193,128.1
KS,20195,151.0
KS,20197,NaN
KS,20199,13.5
KS,20201,18.6
KS,20203,NaN
KS,20205,120.3
KS,20207,NaN
KS,20209,81.7
KY,21001,132.1
KY,21003,93.5
KY,21005,127.8
KY,21007,125.5
KY,21009,139.3
KY,21011,40.3
KY,21013,281.9
KY,21015,120.2
KY,21017,116.6
KY,21019,148.6
KY,21021,180.9
KY,21023,20.5
KY,21025,244.6
KY,21027,58.6
KY,21029,84.1
KY,21031,169.5
KY,21033,162.2
KY,21035,117.8
KY,21037,116.0
KY,21039,72.7
KY,21041,199.1
KY,21043,115.7
KY,21045,71.6
KY,21047,77.7
KY,21049,145.4
KY,21051,265.3
KY,21053,NaN
KY,21055,142.3
KY,21057,236.4
KY,21059,141.4
KY,21061,106.7
KY,21063,NaN
KY,21065,200.3
KY,21067,86.6
KY,21069,223.7
KY,21071,387.2
KY,21073,126.2
KY,21075,212.1
KY,21077,NaN
KY,21079,65.5
KY,21081,159.6
KY,21083,98.9
KY,21085,156.6
KY,21087,96.5
KY,21089,123.9
KY,21091,NaN
KY,21093,96.9
KY,21095,171.7
KY,21097,109.7
KY,21099,72.6
KY,21101,166.4
KY,21103,65.6
KY,21105,85.0
KY,21107,162.4
KY,21109,58.3
KY,21111,114.3
KY,21113,115.0
KY,21115,219.1
KY,21117,95.8
KY,21119,89.8
KY,21121,120.5
KY,21123,83.4
KY,21125,150.4
KY,21127,153.0
KY,21129,206.4
KY,21131,235.4
KY,21133,195.9
KY,21135,38.2
KY,21137,87.2
KY,21139,NaN
KY,21141,91.4
KY,21143,139.3
KY,21145,225.6
KY,21147,148.2
KY,21149,68.2
KY,21151,114.0
KY,21153,160.2
KY,21155,130.1
KY,21157,132.0
KY,21159,96.9
KY,21161,129.9
KY,21163,66.7
KY,21165,51.0
KY,21167,117.3
KY,21169,63.2
KY,21171,171.9
KY,21173,199.6
KY,21175,63.5
KY,21177,153.0
KY,21179,123.4
KY,21181,NaN
KY,21183,121.0
KY,21185,72.4
KY,21187,73.7
KY,21189,352.0
KY,21191,59.8
KY,21193,292.4
KY,21195,306.2
KY,21197,144.9
KY,21199,139.5
KY,21201,NaN
KY,21203,104.4
KY,21205,167.5
KY,21207,212.2
KY,21209,97.7
KY,21211,102.0
KY,21213,152.0
KY,21215,63.5
KY,21217,137.0
KY,21219,94.3
KY,21221,114.4
KY,21223,3.5
KY,21225,153.8
KY,21227,127.9
KY,21229,54.8
KY,21231,174.0
KY,21233,135.6
KY,21235,364.2
KY,21237,101.1
KY,21239,80.0
LA,22001,84.7
LA,22003,99.0
LA,22005,117.1
LA,22007,39.9
LA,22009,134.9
LA,22011,109.7
LA,22013,NaN
LA,22015,107.2
LA,22017,122.5
LA,22019,121.7
LA,22021,NaN
LA,22023,NaN
LA,22025,114.7
LA,22027,66.8
LA,22029,63.3
LA,22031,33.3
LA,22033,118.2
LA,22035,106.2
LA,22037,71.9
LA,22039,227.8
LA,22041,102.7
LA,22043,NaN
LA,22045,120.4
LA,22047,102.5
LA,22049,34.1
LA,22051,124.1
LA,22053,115.8
LA,22055,136.3
LA,22057,107.3
LA,22059,135.9
LA,22061,104.8
LA,22063,118.9
LA,22065,NaN
LA,22067,115.3
LA,22069,89.8
LA,22071,73.8
LA,22073,128.0
LA,22075,NaN
LA,22077,98.6
LA,22079,169.5
LA,22081,NaN
LA,22083,67.8
LA,22085,101.6
LA,22087,143.7
LA,22089,88.9
LA,22091,52.1
LA,22093,45.6
LA,22095,93.9
LA,22097,161.0
LA,22099,90.6
LA,22101,139.9
LA,22103,135.5
LA,22105,148.0
LA,22107,NaN
LA,22109,121.5
LA,22111,68.7
LA,22113,83.2
LA,22115,87.3
LA,22117,162.9
LA,22119,126.1
LA,22121,82.7
LA,22123,105.2
LA,22125,47.2
LA,22127,33.0
MA,25001,83.8
MA,25003,89.8
MA,25005,94.6
MA,25007,80.3
MA,25009,65.3
MA,25011,67.9
MA,25013,91.0
MA,25015,72.8
MA,25017,48.4
MA,25019,48.9
MA,25021,57.1
MA,25023,71.7
MA,25025,48.2
MA,25027,73.9
MD,24001,136.7
MD,24003,81.9
MD,24005,87.3
MD,24009,110.3
MD,24011,65.2
MD,24013,85.2
MD,24015,96.8
MD,24017,96.0
MD,24019,79.6
MD,24021,86.4
MD,24023,111.5
MD,24025,91.2
MD,24027,40.9
MD,24029,140.3
MD,24031,42.0
MD,24033,48.7
MD,24035,83.1
MD,24037,73.5
MD,24039,59.8
MD,24041,118.7
MD,24043,128.2
MD,24045,108.4
MD,24047,103.9
MD,24510,72.2
ME,23001,102.2
ME,23003,83.2
ME,23005,78.7
ME,23007,76.7
ME,23009,85.3
ME,23011,120.7
ME,23013,76.2
ME,23015,72.6
ME,23017,91.7
ME,23019,107.7
ME,23021,111.1
ME,23023,87.6
ME,23025,87.7
ME,23027,66.5
ME,23029,80.0
ME,23031,81.3
MI,26001,34.0
MI,26003,85.5
MI,26005,59.3
MI,26007,139.7
MI,26009,52.9
MI,26011,132.9
MI,26013,109.3
MI,26015,53.8
MI,26017,105.0
MI,26019,85.4
MI,26021,119.3
MI,26023,94.3
MI,26025,122.1
MI,26027,45.0
MI,26029,102.7
MI,26031,145.1
MI,26033,85.0
MI,26035,156.7
MI,26037,42.6
MI,26039,116.4
MI,26041,123.7
MI,26043,142.2
MI,26045,107.6
MI,26047,138.0
MI,26049,134.0
MI,26051,125.1
MI,26053,132.8
MI,26055,148.1
MI,26057,92.5
MI,26059,80.6
MI,26061,32.0
MI,26063,74.3
MI,26065,93.5
MI,26067,75.3
MI,26069,160.5
MI,26071,118.2
MI,26073,91.1
MI,26075,104.5
MI,26077,96.3
MI,26079,127.6
MI,26081,90.2
MI,26083,NaN
MI,26085,NaN
MI,26087,89.1
MI,26089,25.9
MI,26091,86.9
MI,26093,72.2
MI,26095,140.8
MI,26097,97.3
MI,26099,116.8
MI,26101,121.5
MI,26103,87.7
MI,26105,170.3
MI,26107,109.5
MI,26109,70.7
MI,26111,90.3
MI,26113,21.9
MI,26115,108.6
MI,26117,127.9
MI,26119,68.3
MI,26121,155.1
MI,26123,144.6
MI,26125,87.1
MI,26127,48.4
MI,26129,164.4
MI,26131,45.6
MI,26133,97.7
MI,26135,154.0
MI,26137,174.1
MI,26139,68.0
MI,26141,58.3
MI,26143,207.5
MI,26145,108.7
MI,26147,109.0
MI,26149,129.1
MI,26151,51.2
MI,26153,107.6
MI,26155,107.0
MI,26157,79.8
MI,26159,110.4
MI,26161,60.8
MI,26163,106.9
MI,26165,182.8
MN,27001,122.9
MN,27003,65.3
MN,27005,71.6
MN,27007,89.1
MN,27009,51.1
MN,27011,129.1
MN,27013,78.9
MN,27015,82.1
MN,27017,113.3
MN,27019,52.1
MN,27021,52.1
MN,27023,74.2
MN,27025,29.5
MN,27027,67.9
MN,27029,89.3
MN,27031,NaN
MN,27033,82.1
MN,27035,74.4
MN,27037,63.8
MN,27039,21.9
MN,27041,109.3
MN,27043,53.3
MN,27045,23.1
MN,27047,40.1
MN,27049,57.9
MN,27051,52.5
MN,27053,54.3
MN,27055,0.5
MN,27057,76.4
MN,27059,60.5
MN,27061,95.1
MN,27063,34.2
MN,27065,78.3
MN,27067,75.3
MN,27069,38.5
MN,27071,74.8
MN,27073,57.6
MN,27075,NaN
MN,27077,84.4
MN,27079,25.2
MN,27081,54.4
MN,27083,48.8
MN,27085,77.9
MN,27087,73.0
MN,27089,32.0
MN,27091,103.3
MN,27093,49.4
MN,27095,93.3
MN,27097,77.2
MN,27099,55.6
MN,27101,37.0
MN,27103,28.2
MN,27105,60.3
MN,27107,49.8
MN,27109,44.7
MN,27111,62.6
MN,27113,91.8
MN,27115,60.7
MN,27117,81.8
MN,27119,62.0
MN,27121,64.8
MN,27123,56.3
MN,27125,41.1
MN,27127,54.5
MN,27129,27.9
MN,27131,63.0
MN,27133,47.5
MN,27135,56.3
MN,27137,92.0
MN,27139,44.4
MN,27141,54.9
MN,27143,28.6
MN,27145,65.5
MN,27147,64.2
MN,27149,52.3
MN,27151,64.1
MN,27153,30.3
MN,27155,47.8
MN,27157,NaN
MN,27159,180.1
MN,27161,51.3
MN,27163,68.8
MN,27165,42.4
MN,27167,89.2
MN,27169,68.4
MN,27171,61.3
MN,27173,41.7
MO,29001,146.3
MO,29003,NaN
MO,29005,48.1
MO,29007,89.8
MO,29009,107.7
MO,29011,54.4
MO,29013,41.4
MO,29015,110.5
MO,29017,89.7
MO,29019,58.5
MO,29021,149.9
MO,29023,261.4
MO,29025,NaN
MO,29027,45.7
MO,29029,144.8
MO,29031,135.3
MO,29033,124.4
MO,29035,NaN
MO,29037,124.2
MO,29039,NaN
MO,29041,NaN
MO,29043,102.7
MO,29045,NaN
MO,29047,104.2
MO,29049,44.0
MO,29051,143.4
MO,29053,44.6
MO,29055,64.4
MO,29057,54.3
MO,29059,28.5
MO,29061,35.4
MO,29063,NaN
MO,29065,119.1
MO,29067,77.0
MO,29069,161.8
MO,29071,117.2
MO,29073,28.6
MO,29075,44.3
MO,29077,143.1
MO,29079,144.6
MO,29081,115.8
MO,29083,141.3
MO,29085,NaN
MO,29087,NaN
MO,29089,NaN
MO,29091,200.7
MO,29093,59.3
MO,29095,95.2
MO,29097,167.6
MO,29099,90.5
MO,29101,44.9
MO,29103,NaN
MO,29105,144.4
MO,29107,10.0
MO,29109,56.3
MO,29111,47.2
MO,29113,94.9
MO,29115,68.2
MO,29117,179.0
MO,29119,38.1
MO,29121,46.4
MO,29123,133.5
MO,29125,NaN
MO,29127,134.1
MO,29129,78.2
MO,29131,81.4
MO,29133,88.7
MO,29135,5.8
MO,29137,NaN
MO,29139,90.8
MO,29141,28.0
MO,29143,66.5
MO,29145,50.6
MO,29147,73.6
MO,29149,34.0
MO,29151,15.3
MO,29153,61.1
MO,29155,171.8
MO,29157,74.9
MO,29159,94.4
MO,29161,171.7
MO,29163,64.9
MO,29165,85.8
MO,29167,177.7
MO,29169,62.8
MO,29171,NaN
MO,29173,NaN
MO,29175,117.9
MO,29177,46.7
MO,29179,NaN
MO,29181,195.1
MO,29183,90.9
MO,29185,NaN
MO,29186,48.2
MO,29187,188.4
MO,29189,80.7
MO,29195,31.1
MO,29197,NaN
MO,29199,9.0
MO,29201,156.4
MO,29203,NaN
MO,29205,38.0
MO,29207,113.9
MO,29209,95.6
MO,29211,NaN
MO,29213,130.1
MO,29215,63.2
MO,29217,124.5
MO,29219,82.2
MO,29221,126.0
MO,29223,23.9
MO,29225,115.3
MO,29227,NaN
MO,29229,154.9
MO,29510,68.0
MS,28001,222.4
MS,28003,249.0
MS,28005,62.7
MS,28007,135.6
MS,28009,84.5
MS,28011,106.5
MS,28013,69.7
MS,28015,NaN
MS,28017,116.8
MS,28019,NaN
MS,28021,88.3
MS,28023,98.6
MS,28025,145.3
MS,28027,81.6
MS,28029,110.3
MS,28031,95.5
MS,28033,116.7
MS,28035,270.4
MS,28037,101.5
MS,28039,187.5
MS,28041,10.3
MS,28043,172.7
MS,28045,106.3
MS,28047,151.6
MS,28049,81.0
MS,28051,37.7
MS,28053,52.7
MS,28055,NaN
MS,28057,132.8
MS,28059,141.8
MS,28061,NaN
MS,28063,NaN
MS,28065,143.4
MS,28067,177.5
MS,28069,NaN
MS,28071,94.1
MS,28073,42.4
MS,28075,176.5
MS,28077,124.9
MS,28079,77.5
MS,28081,151.2
MS,28083,97.6
MS,28085,142.0
MS,28087,173.9
MS,28089,77.6
MS,28091,246.4
MS,28093,43.8
MS,28095,119.2
MS,28097,63.5
MS,28099,218.9
MS,28101,48.2
MS,28103,102.4
MS,28105,81.3
MS,28107,124.3
MS,28109,155.2
MS,28111,58.9
MS,28113,178.3
MS,28115,128.6
MS,28117,146.6
MS,28119,NaN
MS,28121,113.0
MS,28123,109.0
MS,28125,NaN
MS,28127,157.1
MS,28129,31.6
MS,28131,147.8
MS,28133,55.0
MS,28135,9.5
MS,28137,134.3
MS,28139,138.3
MS,28141,139.5
MS,28143,NaN
MS,28145,135.3
MS,28147,53.2
MS,28149,137.6
MS,28151,95.6
MS,28153,196.2
MS,28155,124.1
MS,28157,22.4
MS,28159,112.6
MS,28161,55.5
MS,28163,71.6
MT,30001,80.5
MT,30003,NaN
MT,30005,47.9
MT,30007,34.7
MT,30009,NaN
MT,30011,NaN
MT,30013,121.6
MT,30015,46.2
MT,30017,123.2
MT,30019,NaN
MT,30021,84.2
MT,30023,94.2
MT,30025,NaN
MT,30027,75.1
MT,30029,118.2
MT,30031,57.7
MT,30033,NaN
MT,30035,56.5
MT,30037,NaN
MT,30039,NaN
MT,30041,91.7
MT,30043,15.1
MT,30045,NaN
MT,30047,94.4
MT,30049,88.7
MT,30051,NaN
MT,30053,135.0
MT,30055,NaN
MT,30057,26.9
MT,30059,81.0
MT,30061,96.9
MT,30063,112.9
MT,30065,NaN
MT,30067,48.4
MT,30069,NaN
MT,30071,78.8
MT,30073,NaN
MT,30075,71.0
MT,30077,78.2
MT,30079,NaN
MT,30081,93.5
MT,30083,69.3
MT,30085,24.4
MT,30087,42.6
MT,30089,100.9
MT,30091,NaN
MT,30093,117.0
MT,30095,9.1
MT,30097,NaN
MT,30099,92.6
MT,30101,54.1
MT,30103,NaN
MT,30105,55.8
MT,30107,NaN
MT,30109,NaN
MT,30111,106.5
NC,37001,104.4
NC,37003,28.4
NC,37005,101.2
NC,37007,86.7
NC,37009,105.5
NC,37011,109.9
NC,37013,156.1
NC,37015,63.0
NC,37017,107.7
NC,37019,125.9
NC,37021,105.3
NC,37023,175.2
NC,37025,116.6
NC,37027,154.5
NC,37029,NaN
NC,37031,118.2
NC,37033,5.8
NC,37035,152.8
NC,37037,50.4
NC,37039,151.7
NC,37041,114.8
NC,37043,122.2
NC,37045,159.2
NC,37047,191.8
NC,37049,178.8
NC,37051,103.1
NC,37053,21.2
NC,37055,142.5
NC,37057,96.5
NC,37059,114.2
NC,37061,92.6
NC,37063,63.6
NC,37065,55.7
NC,37067,101.3
NC,37069,64.1
NC,37071,148.7
NC,37073,NaN
NC,37075,124.5
NC,37077,81.1
NC,37079,36.2
NC,37081,94.2
NC,37083,131.6
NC,37085,84.5
NC,37087,123.8
NC,37089,107.0
NC,37091,131.6
NC,37093,49.0
NC,37095,NaN
NC,37097,122.1
NC,37099,102.0
NC,37101,77.3
NC,37103,NaN
NC,37105,159.0
NC,37107,107.6
NC,37109,134.0
NC,37111,93.3
NC,37113,120.6
NC,37115,74.3
NC,37117,92.5
NC,37119,68.7
NC,37121,149.0
NC,37123,79.4
NC,37125,122.5
NC,37127,112.9
NC,37129,120.7
NC,37131,NaN
NC,37133,94.1
NC,37135,47.3
NC,37137,67.4
NC,37139,146.5
NC,37141,48.4
NC,37143,45.5
NC,37145,110.6
NC,37147,99.4
NC,37149,56.6
NC,37151,83.9
NC,37153,170.2
NC,37155,132.0
NC,37157,166.3
NC,37159,103.4
NC,37161,106.5
NC,37163,93.6
NC,37165,175.0
NC,37167,140.3
NC,37169,96.9
NC,37171,187.0
NC,37173,83.0
NC,37175,119.5
NC,37177,NaN
NC,37179,77.3
NC,37181,148.2
NC,37183,65.1
NC,37185,29.9
NC,37187,74.4
NC,37189,92.1
NC,37191,88.6
NC,37193,108.4
NC,37195,108.5
NC,37197,90.8
NC,37199,95.3
ND,38001,148.6
ND,38003,90.9
ND,38005,5.6
ND,38007,NaN
ND,38009,49.3
ND,38011,71.1
ND,38013,NaN
ND,38015,86.0
ND,38017,46.4
ND,38019,NaN
ND,38021,86.5
ND,38023,NaN
ND,38025,41.4
ND,38027,103.8
ND,38029,80.1
ND,38031,105.5
ND,38033,NaN
ND,38035,69.5
ND,38037,NaN
ND,38039,NaN
ND,38041,26.4
ND,38043,49.4
ND,38045,43.0
ND,38047,NaN
ND,38049,NaN
ND,38051,50.9
ND,38053,73.3
ND,38055,53.5
ND,38057,80.4
ND,38059,57.1
ND,38061,17.2
ND,38063,NaN
ND,38065,NaN
ND,38067,67.0
ND,38069,106.5
ND,38071,153.3
ND,38073,93.9
ND,38075,38.3
ND,38077,41.0
ND,38079,5.4
ND,38081,NaN
ND,38083,NaN
ND,38085,NaN
ND,38087,NaN
ND,38089,89.1
ND,38091,NaN
ND,38093,97.8
ND,38095,NaN
ND,38097,NaN
ND,38099,55.3
ND,38101,82.0
ND,38103,NaN
ND,38105,83.9
NE,31001,89.7
NE,31003,57.2
NE,31005,NaN
NE,31007,NaN
NE,31009,NaN
NE,31011,NaN
NE,31013,65.8
NE,31015,NaN
NE,31017,51.7
NE,31019,81.8
NE,31021,41.9
NE,31023,73.7
NE,31025,20.7
NE,31027,37.4
NE,31029,106.8
NE,31031,64.7
NE,31033,77.9
NE,31035,NaN
NE,31037,NaN
NE,31039,20.7
NE,31041,82.1
NE,31043,76.2
NE,31045,79.0
NE,31047,49.6
NE,31049,NaN
NE,31051,11.7
NE,31053,111.8
NE,31055,79.5
NE,31057,128.8
NE,31059,NaN
NE,31061,19.5
NE,31063,NaN
NE,31065,NaN
NE,31067,88.1
NE,31069,99.8
NE,31071,NaN
NE,31073,NaN
NE,31075,NaN
NE,31077,NaN
NE,31079,96.1
NE,31081,61.5
NE,31083,78.8
NE,31085,NaN
NE,31087,NaN
NE,31089,69.2
NE,31091,NaN
NE,31093,83.2
NE,31095,91.5
NE,31097,14.9
NE,31099,69.2
NE,31101,143.6
NE,31103,NaN
NE,31105,NaN
NE,31107,30.6
NE,31109,72.7
NE,31111,109.3
NE,31113,NaN
NE,31115,NaN
NE,31117,NaN
NE,31119,106.2
NE,31121,69.4
NE,31123,40.7
NE,31125,NaN
NE,31127,105.5
NE,31129,146.4
NE,31131,99.6
NE,31133,109.9
NE,31135,NaN
NE,31137,104.8
NE,31139,32.1
NE,31141,84.6
NE,31143,32.3
NE,31145,120.4
NE,31147,58.1
NE,31149,NaN
NE,31151,61.7
NE,31153,66.8
NE,31155,52.0
NE,31157,113.3
NE,31159,48.8
NE,31161,4.9
NE,31163,NaN
NE,31165,NaN
NE,31167,NaN
NE,31169,NaN
NE,31171,NaN
NE,31173,33.5
NE,31175,NaN
NE,31177,66.3
NE,31179,48.8
NE,31181,NaN
NE,31183,NaN
NE,31185,111.1
NH,33001,93.4
NH,33003,96.0
NH,33005,84.8
NH,33007,93.3
NH,33009,94.0
NH,33011,75.3
NH,33013,90.3
NH,33015,77.0
NH,33017,102.0
NH,33019,76.9
NJ,34001,85.7
NJ,34003,48.2
NJ,34005,72.4
NJ,34007,92.9
NJ,34009,101.1
NJ,34011,100.7
NJ,34013,43.7
NJ,34015,87.1
NJ,34017,37.7
NJ,34019,50.1
NJ,34021,60.3
NJ,34023,51.5
NJ,34025,66.9
NJ,34027,49.2
NJ,34029,81.9
NJ,34031,50.5
NJ,34033,79.9
NJ,34035,42.0
NJ,34037,67.0
NJ,34039,49.2
NJ,34041,78.7
NM,35001,80.1
NM,35003,NaN
NM,35005,102.0
NM,35006,24.2
NM,35007,39.9
NM,35009,95.0
NM,35011,NaN
NM,35013,60.8
NM,35015,103.8
NM,35017,113.3
NM,35019,NaN
NM,35021,NaN
NM,35023,NaN
NM,35025,82.0
NM,35027,117.7
NM,35028,64.9
NM,35029,76.4
NM,35031,27.8
NM,35033,NaN
NM,35035,70.8
NM,35037,88.9
NM,35039,100.7
NM,35041,22.5
NM,35043,61.0
NM,35045,69.6
NM,35047,94.2
NM,35049,100.6
NM,35051,137.0
NM,35053,83.2
NM,35055,109.4
NM,35057,25.3
NM,35059,50.9
NM,35061,85.1
NV,32001,126.3
NV,32003,94.2
NV,32005,113.8
NV,32007,89.6
NV,32009,NaN
NV,32011,NaN
NV,32013,96.3
NV,32015,NaN
NV,32017,96.2
NV,32019,102.6
NV,32021,150.6
NV,32023,138.2
NV,32027,28.6
NV,32029,NaN
NV,32031,110.4
NV,32033,175.6
NV,32510,145.9
NY,36001,64.1
NY,36003,69.5
NY,36005,38.1
NY,36007,89.1
NY,36009,90.5
NY,36011,39.8
NY,36013,100.7
NY,36015,112.7
NY,36017,72.8
NY,36019,46.3
NY,36021,74.6
NY,36023,49.1
NY,36025,83.6
NY,36027,69.6
NY,36029,83.6
NY,36031,30.9
NY,36033,30.8
NY,36035,88.1
NY,36037,73.5
NY,36039,82.4
NY,36041,NaN
NY,36043,43.3
NY,36045,32.4
NY,36047,28.8
NY,36049,22.4
NY,36051,56.6
NY,36053,55.6
NY,36055,62.3
NY,36057,105.2
NY,36059,49.2
NY,36061,47.8
NY,36063,93.1
NY,36065,75.5
NY,36067,57.7
NY,36069,61.9
NY,36071,74.9
NY,36073,69.4
NY,36075,53.8
NY,36077,65.9
NY,36079,44.9
NY,36081,29.1
NY,36083,71.2
NY,36085,57.5
NY,36087,40.1
NY,36089,29.2
NY,36091,64.3
NY,36093,77.2
NY,36095,50.1
NY,36097,72.7
NY,36099,35.0
NY,36101,80.2
NY,36103,66.4
NY,36105,106.8
NY,36107,41.2
NY,36109,45.0
NY,36111,75.1
NY,36113,109.3
NY,36115,77.6
NY,36117,66.2
NY,36119,44.8
NY,36121,64.0
NY,36123,58.7
OH,39001,104.0
OH,39003,114.3
OH,39005,54.0
OH,39007,95.2
OH,39009,103.7
OH,39011,52.1
OH,39013,141.8
OH,39015,106.9
OH,39017,103.1
OH,39019,43.5
OH,39021,86.2
OH,39023,117.1
OH,39025,111.8
OH,39027,132.4
OH,39029,102.2
OH,39031,86.1
OH,39033,110.4
OH,39035,76.2
OH,39037,60.3
OH,39039,91.5
OH,39041,71.6
OH,39043,112.1
OH,39045,93.9
OH,39047,123.8
OH,39049,108.3
OH,39051,91.9
OH,39053,151.5
OH,39055,67.3
OH,39057,95.8
OH,39059,126.8
OH,39061,99.7
OH,39063,77.0
OH,39065,92.7
OH,39067,76.6
OH,39069,68.3
OH,39071,138.9
OH,39073,104.9
OH,39075,32.5
OH,39077,113.6
OH,39079,190.5
OH,39081,145.0
OH,39083,64.7
OH,39085,90.2
OH,39087,117.0
OH,39089,85.7
OH,39091,103.9
OH,39093,88.8
OH,39095,115.0
OH,39097,72.5
OH,39099,119.9
OH,39101,117.3
OH,39103,85.7
OH,39105,102.4
OH,39107,55.1
OH,39109,85.8
OH,39111,64.7
OH,39113,116.6
OH,39115,46.4
OH,39117,58.7
OH,39119,125.0
OH,39121,38.3
OH,39123,83.6
OH,39125,54.3
OH,39127,103.3
OH,39129,91.9
OH,39131,124.2
OH,39133,76.9
OH,39135,79.0
OH,39137,42.8
OH,39139,95.0
OH,39141,137.3
OH,39143,89.2
OH,39145,129.0
OH,39147,81.8
OH,39149,88.4
OH,39151,114.7
OH,39153,98.0
OH,39155,112.1
OH,39157,94.7
OH,39159,79.6
OH,39161,82.8
OH,39163,NaN
OH,39165,86.1
OH,39167,161.6
OH,39169,68.3
OH,39171,77.5
OH,39173,58.5
OH,39175,47.6
OK,40001,26.3
OK,40003,NaN
OK,40005,32.7
OK,40007,NaN
OK,40009,146.7
OK,40011,15.5
OK,40013,160.8
OK,40015,107.4
OK,40017,115.5
OK,40019,222.6
OK,40021,142.5
OK,40023,54.9
OK,40025,89.4
OK,40027,105.6
OK,40029,69.4
OK,40031,104.0
OK,40033,NaN
OK,40035,141.2
OK,40037,150.0
OK,40039,158.0
OK,40041,106.2
OK,40043,NaN
OK,40045,131.0
OK,40047,112.4
OK,40049,114.3
OK,40051,75.0
OK,40053,NaN
OK,40055,53.7
OK,40057,260.4
OK,40059,NaN
OK,40061,98.1
OK,40063,69.2
OK,40065,171.7
OK,40067,35.7
OK,40069,NaN
OK,40071,132.0
OK,40073,62.8
OK,40075,40.3
OK,40077,138.1
OK,40079,111.2
OK,40081,21.5
OK,40083,68.2
OK,40085,56.7
OK,40087,173.2
OK,40089,114.3
OK,40091,75.3
OK,40093,NaN
OK,40095,45.4
OK,40097,95.1
OK,40099,201.2
OK,40101,137.3
OK,40103,18.8
OK,40105,79.2
OK,40107,NaN
OK,40109,152.9
OK,40111,119.8
OK,40113,30.4
OK,40115,119.9
OK,40117,122.3
OK,40119,132.0
OK,40121,193.9
OK,40123,149.1
OK,40125,187.3
OK,40127,NaN
OK,40129,NaN
OK,40131,146.1
OK,40133,96.1
OK,40135,89.8
OK,40137,177.2
OK,40139,20.6
OK,40141,123.6
OK,40143,157.2
OK,40145,73.0
OK,40147,133.9
OK,40149,NaN
OK,40151,41.0
OK,40153,157.6
OR,41001,148.0
OR,41003,59.7
OR,41005,91.5
OR,41007,168.1
OR,41009,89.9
OR,41011,163.4
OR,41013,121.7
OR,41015,162.5
OR,41017,110.9
OR,41019,127.4
OR,41021,20.2
OR,41023,66.5
OR,41025,137.1
OR,41027,106.5
OR,41029,143.1
OR,41031,45.9
OR,41033,162.0
OR,41035,116.7
OR,41037,114.1
OR,41039,124.6
OR,41041,165.7
OR,41043,134.4
OR,41045,168.1
OR,41047,80.5
OR,41049,16.9
OR,41051,72.9
OR,41053,66.5
OR,41055,NaN
OR,41057,111.9
OR,41059,113.8
OR,41061,124.2
OR,41063,102.9
OR,41065,174.5
OR,41067,69.9
OR,41069,NaN
OR,41071,96.7
PA,42001,50.4
PA,42003,89.5
PA,42005,97.0
PA,42007,90.3
PA,42009,71.2
PA,42011,65.9
PA,42013,118.2
PA,42015,73.2
PA,42017,82.8
PA,42019,82.3
PA,42021,122.3
PA,42023,139.0
PA,42025,80.5
PA,42027,57.0
PA,42029,58.9
PA,42031,77.2
PA,42033,86.9
PA,42035,73.5
PA,42037,87.0
PA,42039,106.7
PA,42041,83.2
PA,42043,78.8
PA,42045,83.9
PA,42047,95.4
PA,42049,101.2
PA,42051,134.4
PA,42053,40.0
PA,42055,79.5
PA,42057,NaN
PA,42059,83.2
PA,42061,61.8
PA,42063,79.3
PA,42065,90.9
PA,42067,62.3
PA,42069,129.6
PA,42071,67.3
PA,42073,118.4
PA,42075,66.9
PA,42077,55.0
PA,42079,102.6
PA,42081,106.5
PA,42083,104.0
PA,42085,124.2
PA,42087,94.3
PA,42089,98.7
PA,42091,70.2
PA,42093,80.5
PA,42095,85.2
PA,42097,107.5
PA,42099,71.4
PA,42101,83.1
PA,42103,72.2
PA,42105,80.8
PA,42107,85.6
PA,42109,86.7
PA,42111,72.3
PA,42113,49.4
PA,42115,66.9
PA,42117,92.9
PA,42119,66.4
PA,42121,98.7
PA,42123,75.5
PA,42125,89.5
PA,42127,96.6
PA,42129,85.3
PA,42131,94.2
PA,42133,75.4
RI,44001,58.4
RI,44003,101.5
RI,44005,74.5
RI,44007,81.6
RI,44009,82.6
SC,45001,55.9
SC,45003,99.7
SC,45005,64.9
SC,45007,109.4
SC,45009,82.7
SC,45011,118.4
SC,45013,72.6
SC,45015,68.3
SC,45017,NaN
SC,45019,93.9
SC,45021,137.3
SC,45023,98.2
SC,45025,98.6
SC,45027,86.1
SC,45029,142.1
SC,45031,169.4
SC,45033,141.4
SC,45035,105.9
SC,45037,46.2
SC,45039,76.4
SC,45041,146.6
SC,45043,107.1
SC,45045,116.6
SC,45047,124.5
SC,45049,76.0
SC,45051,134.1
SC,45053,62.8
SC,45055,80.1
SC,45057,110.6
SC,45059,93.2
SC,45061,33.1
SC,45063,107.4
SC,45065,NaN
SC,45067,120.7
SC,45069,100.6
SC,45071,94.1
SC,45073,150.6
SC,45075,96.1
SC,45077,116.8
SC,45079,76.9
SC,45081,54.3
SC,45083,132.4
SC,45085,80.4
SC,45087,147.0
SC,45089,88.7
SC,45091,89.6
SD,46003,NaN
SD,46005,80.1
SD,46007,NaN
SD,46009,NaN
SD,46011,53.5
SD,46013,73.6
SD,46015,105.3
SD,46017,NaN
SD,46019,22.1
SD,46021,NaN
SD,46023,31.4
SD,46025,NaN
SD,46027,42.0
SD,46029,97.6
SD,46031,NaN
SD,46033,51.1
SD,46035,116.0
SD,46037,NaN
SD,46039,NaN
SD,46041,NaN
SD,46043,56.6
SD,46045,66.8
SD,46047,69.1
SD,46049,NaN
SD,46051,66.7
SD,46053,90.7
SD,46055,105.7
SD,46057,NaN
SD,46059,NaN
SD,46061,NaN
SD,46063,NaN
SD,46065,119.6
SD,46067,94.9
SD,46069,NaN
SD,46071,NaN
SD,46073,NaN
SD,46075,NaN
SD,46077,52.2
SD,46079,30.3
SD,46081,99.5
SD,46083,27.7
SD,46085,21.5
SD,46087,39.3
SD,46089,50.9
SD,46091,61.8
SD,46093,11.9
SD,46095,98.5
SD,46097,31.7
SD,46099,69.1
SD,46101,35.5
SD,46103,81.5
SD,46105,42.2
SD,46107,NaN
SD,46109,32.0
SD,46111,NaN
SD,46113,NaN
SD,46115,NaN
SD,46117,NaN
SD,46119,NaN
SD,46121,21.9
SD,46123,95.3
SD,46125,35.9
SD,46127,75.3
SD,46129,79.5
SD,46135,120.4
SD,46137,NaN
TN,47001,202.1
TN,47003,124.6
TN,47005,167.6
TN,47007,110.7
TN,47009,125.0
TN,47011,185.1
TN,47013,257.0
TN,47015,120.3
TN,47017,186.1
TN,47019,133.0
TN,47021,93.7
TN,47023,110.2
TN,47025,240.8
TN,47027,243.6
TN,47029,203.4
TN,47031,234.8
TN,47033,49.6
TN,47035,180.9
TN,47037,113.4
TN,47039,149.8
TN,47041,230.9
TN,47043,173.8
TN,47045,169.5
TN,47047,76.0
TN,47049,279.8
TN,47051,147.5
TN,47053,136.4
TN,47055,105.0
TN,47057,135.3
TN,47059,159.3
TN,47061,213.5
TN,47063,251.6
TN,47065,167.0
TN,47067,168.4
TN,47069,76.1
TN,47071,173.0
TN,47073,115.1
TN,47075,91.8
TN,47077,156.6
TN,47079,214.6
TN,47081,40.1
TN,47083,84.1
TN,47085,134.7
TN,47087,53.1
TN,47089,157.9
TN,47091,150.3
TN,47093,144.9
TN,47095,149.7
TN,47097,110.1
TN,47099,186.1
TN,47101,127.4
TN,47103,143.3
TN,47105,149.0
TN,47107,208.7
TN,47109,194.8
TN,47111,142.6
TN,47113,159.2
TN,47115,129.8
TN,47117,183.3
TN,47119,172.8
TN,47121,NaN
TN,47123,159.5
TN,47125,114.3
TN,47127,11.6
TN,47129,94.7
TN,47131,118.4
TN,47133,133.1
TN,47135,122.0
TN,47137,208.9
TN,47139,28.3
TN,47141,172.1
TN,47143,190.5
TN,47145,208.9
TN,47147,157.1
TN,47149,115.3
TN,47151,115.8
TN,47153,213.6
TN,47155,154.6
TN,47157,86.9
TN,47159,194.2
TN,47161,51.6
TN,47163,221.7
TN,47165,106.0
TN,47167,95.9
TN,47169,296.4
TN,47171,179.7
TN,47173,141.6
TN,47175,NaN
TN,47177,193.0
TN,47179,150.7
TN,47181,169.6
TN,47183,104.2
TN,47185,177.6
TN,47187,65.0
TN,47189,114.4
TX,48001,105.9
TX,48003,53.2
TX,48005,123.0
TX,48007,124.9
TX,48009,NaN
TX,48011,21.0
TX,48013,91.9
TX,48015,60.1
TX,48017,77.6
TX,48019,NaN
TX,48021,82.2
TX,48023,95.3
TX,48025,80.2
TX,48027,76.5
TX,48029,71.0
TX,48031,14.0
TX,48033,NaN
TX,48035,52.3
TX,48037,175.6
TX,48039,75.3
TX,48041,73.0
TX,48043,93.3
TX,48045,NaN
TX,48047,52.4
TX,48049,161.5
TX,48051,76.3
TX,48053,132.2
TX,48055,62.1
TX,48057,116.6
TX,48059,NaN
TX,48061,37.1
TX,48063,110.2
TX,48065,NaN
TX,48067,70.3
TX,48069,NaN
TX,48071,10.5
TX,48073,82.5
TX,48075,213.6
TX,48077,NaN
TX,48079,NaN
TX,48081,NaN
TX,48083,NaN
TX,48085,68.2
TX,48087,NaN
TX,48089,74.3
TX,48091,96.8
TX,48093,95.7
TX,48095,NaN
TX,48097,115.4
TX,48099,68.6
TX,48101,NaN
TX,48103,78.9
TX,48105,60.9
TX,48107,4.5
TX,48109,NaN
TX,48111,94.1
TX,48113,65.4
TX,48115,73.4
TX,48117,56.6
TX,48119,NaN
TX,48121,75.7
TX,48123,70.1
TX,48125,NaN
TX,48127,98.3
TX,48129,NaN
TX,48131,9.6
TX,48133,70.2
TX,48135,103.0
TX,48137,NaN
TX,48139,85.7
TX,48141,42.6
TX,48143,93.4
TX,48145,72.1
TX,48147,67.6
TX,48149,67.0
TX,48151,NaN
TX,48153,24.5
TX,48155,70.1
TX,48157,45.7
TX,48159,91.5
TX,48161,53.8
TX,48163,52.7
TX,48165,62.4
TX,48167,96.2
TX,48169,NaN
TX,48171,91.9
TX,48173,NaN
TX,48175,NaN
TX,48177,55.8
TX,48179,153.9
TX,48181,152.5
TX,48183,199.5
TX,48185,34.6
TX,48187,55.8
TX,48189,76.5
TX,48191,NaN
TX,48193,NaN
TX,48195,NaN
TX,48197,82.0
TX,48199,115.0
TX,48201,63.3
TX,48203,76.1
TX,48205,NaN
TX,48207,NaN
TX,48209,74.4
TX,48211,NaN
TX,48213,101.6
TX,48215,31.3
TX,48217,91.6
TX,48219,99.6
TX,48221,139.2
TX,48223,115.9
TX,48225,79.6
TX,48227,70.9
TX,48229,NaN
TX,48231,119.5
TX,48233,84.8
TX,48235,NaN
TX,48237,NaN
TX,48239,47.8
TX,48241,74.2
TX,48243,NaN
TX,48245,95.7
TX,48247,NaN
TX,48249,93.6
TX,48251,97.4
TX,48253,37.3
TX,48255,74.5
TX,48257,96.3
TX,48259,86.5
TX,48261,NaN
TX,48263,NaN
TX,48265,115.2
TX,48267,106.4
TX,48269,NaN
TX,48271,NaN
TX,48273,75.1
TX,48275,NaN
TX,48277,181.6
TX,48279,48.0
TX,48281,31.6
TX,48283,NaN
TX,48285,81.1
TX,48287,40.7
TX,48289,24.1
TX,48291,129.3
TX,48293,102.7
TX,48295,NaN
TX,48297,NaN
TX,48299,99.7
TX,48301,NaN
TX,48303,96.0
TX,48305,NaN
TX,48307,70.2
TX,48309,94.7
TX,48311,NaN
TX,48313,99.7
TX,48315,NaN
TX,48317,NaN
TX,48319,NaN
TX,48321,97.1
TX,48323,31.8
TX,48325,39.5
TX,48327,62.1
TX,48329,87.9
TX,48331,75.7
TX,48333,NaN
TX,48335,NaN
TX,48337,118.0
TX,48339,82.7
TX,48341,67.6
TX,48343,134.4
TX,48345,NaN
TX,48347,109.7
TX,48349,90.0
TX,48351,64.7
TX,48353,157.0
TX,48355,97.6
TX,48357,81.5
TX,48359,NaN
TX,48361,119.6
TX,48363,148.0
TX,48365,97.0
TX,48367,84.6
TX,48369,NaN
TX,48371,49.1
TX,48373,89.2
TX,48375,99.1
TX,48377,NaN
TX,48379,76.8
TX,48381,89.9
TX,48383,NaN
TX,48385,NaN
TX,48387,NaN
TX,48389,82.1
TX,48391,NaN
TX,48393,NaN
TX,48395,31.9
TX,48397,91.4
TX,48399,50.5
TX,48401,68.5
TX,48403,61.6
TX,48405,99.0
TX,48407,23.7
TX,48409,81.8
TX,48411,84.7
TX,48413,NaN
TX,48415,108.8
TX,48417,NaN
TX,48419,97.9
TX,48421,83.6
TX,48423,113.8
TX,48425,118.5
TX,48427,33.0
TX,48429,152.9
TX,48431,NaN
TX,48433,NaN
TX,48435,NaN
TX,48437,NaN
TX,48439,84.8
TX,48441,140.1
TX,48443,NaN
TX,48445,67.3
TX,48447,NaN
TX,48449,139.2
TX,48451,105.4
TX,48453,69.9
TX,48455,107.0
TX,48457,68.2
TX,48459,20.3
TX,48461,NaN
TX,48463,75.7
TX,48465,40.9
TX,48467,101.5
TX,48469,122.7
TX,48471,82.4
TX,48473,15.7
TX,48475,80.8
TX,48477,83.9
TX,48479,31.7
TX,48481,77.9
TX,48483,61.6
TX,48485,133.2
TX,48487,187.7
TX,48489,54.1
TX,48491,75.6
TX,48493,51.9
TX,48495,89.6
TX,48497,73.4
TX,48499,85.5
TX,48501,58.2
TX,48503,112.2
TX,48505,NaN
TX,48507,37.6
UT,49001,105.7
UT,49003,72.1
UT,49005,59.8
UT,49007,191.0
UT,49009,NaN
UT,49011,79.2
UT,49013,65.9
UT,49015,104.6
UT,49017,100.2
UT,49019,111.8
UT,49021,108.3
UT,49023,87.1
UT,49025,120.3
UT,49027,115.5
UT,49029,51.4
UT,49031,NaN
UT,49033,56.9
UT,49035,87.0
UT,49037,29.0
UT,49039,91.0
UT,49041,131.9
UT,49043,78.1
UT,49045,96.1
UT,49047,96.4
UT,49049,69.5
UT,49051,81.8
UT,49053,101.0
UT,49055,NaN
UT,49057,99.5
VA,51001,69.2
VA,51003,73.8
VA,51005,84.5
VA,51007,57.6
VA,51009,95.0
VA,51011,140.4
VA,51013,30.4
VA,51015,36.4
VA,51017,75.8
VA,51019,50.4
VA,51021,82.1
VA,51023,46.6
VA,51025,27.4
VA,51027,130.9
VA,51029,NaN
VA,51031,38.7
VA,51033,22.2
VA,51035,44.4
VA,51036,NaN
VA,51037,38.6
VA,51041,84.7
VA,51043,10.0
VA,51045,NaN
VA,51047,99.0
VA,51049,36.9
VA,51051,170.0
VA,51053,5.3
VA,51057,126.0
VA,51059,38.5
VA,51061,99.1
VA,51063,78.5
VA,51065,36.1
VA,51067,110.3
VA,51069,66.3
VA,51071,181.3
VA,51073,130.3
VA,51075,23.3
VA,51077,29.5
VA,51079,77.7
VA,51081,NaN
VA,51083,85.4
VA,51085,108.6
VA,51087,87.1
VA,51089,106.9
VA,51091,NaN
VA,51093,66.1
VA,51095,122.0
VA,51097,NaN
VA,51099,53.9
VA,51101,51.0
VA,51103,192.0
VA,51105,130.5
VA,51107,44.4
VA,51109,67.5
VA,51111,NaN
VA,51113,NaN
VA,51115,59.7
VA,51117,119.0
VA,51119,NaN
VA,51121,81.7
VA,51125,36.2
VA,51127,72.8
VA,51131,125.2
VA,51133,36.1
VA,51135,86.1
VA,51137,112.9
VA,51139,109.9
VA,51141,81.1
VA,51143,23.4
VA,51145,50.1
VA,51147,114.4
VA,51149,NaN
VA,51153,50.4
VA,51155,179.6
VA,51157,NaN
VA,51159,53.2
VA,51161,94.7
VA,51163,NaN
VA,51165,34.5
VA,51167,154.7
VA,51169,153.9
VA,51171,93.3
VA,51173,147.4
VA,51175,4.1
VA,51177,91.0
VA,51179,67.5
VA,51181,NaN
VA,51183,28.7
VA,51185,215.0
VA,51187,123.8
VA,51191,138.0
VA,51193,60.1
VA,51195,266.8
VA,51197,134.7
VA,51199,64.6
VA,51510,41.8
VA,51515,NaN
VA,51520,217.7
VA,51530,86.3
VA,51540,80.1
VA,51550,82.8
VA,51570,309.9
VA,51580,295.1
VA,51590,203.3
VA,51595,313.0
VA,51600,96.1
VA,51610,99.3
VA,51620,297.2
VA,51630,201.5
VA,51640,439.2
VA,51650,100.3
VA,51660,147.8
VA,51670,172.7
VA,51678,334.2
VA,51680,174.8
VA,51683,134.6
VA,51685,NaN
VA,51690,548.1
VA,51700,79.6
VA,51710,73.7
VA,51720,570.1
VA,51730,157.1
VA,51735,119.5
VA,51740,120.2
VA,51750,146.1
VA,51760,74.6
VA,51770,143.5
VA,51775,249.2
VA,51790,232.5
VA,51800,92.3
VA,51810,70.7
VA,51820,268.2
VA,51830,NaN
VA,51840,226.4
VT,50001,25.2
VT,50003,77.6
VT,50005,48.7
VT,50007,49.1
VT,50009,NaN
VT,50011,55.9
VT,50013,29.5
VT,50015,36.3
VT,50017,22.7
VT,50019,37.2
VT,50021,97.9
VT,50023,48.5
VT,50025,80.5
VT,50027,57.6
WA,53001,24.5
WA,53003,172.7
WA,53005,113.2
WA,53007,97.3
WA,53009,145.2
WA,53011,67.3
WA,53013,129.2
WA,53015,107.2
WA,53017,72.2
WA,53019,85.9
WA,53021,68.2
WA,53023,28.7
WA,53025,90.6
WA,53027,118.5
WA,53029,43.5
WA,53031,91.5
WA,53033,62.3
WA,53035,76.3
WA,53037,66.2
WA,53039,29.7
WA,53041,124.6
WA,53043,92.3
WA,53045,105.4
WA,53047,82.7
WA,53049,59.2
WA,53051,133.1
WA,53053,78.7
WA,53055,17.2
WA,53057,95.6
WA,53059,59.2
WA,53061,89.3
WA,53063,96.9
WA,53065,87.2
WA,53067,74.4
WA,53069,89.2
WA,53071,94.1
WA,53073,84.3
WA,53075,56.0
WA,53077,77.4
WI,55001,49.8
WI,55003,111.3
WI,55005,82.0
WI,55007,14.5
WI,55009,77.2
WI,55011,6.2
WI,55013,58.4
WI,55015,18.7
WI,55017,55.7
WI,55019,31.6
WI,55021,110.0
WI,55023,77.6
WI,55025,66.9
WI,55027,49.0
WI,55029,53.7
WI,55031,102.4
WI,55033,58.7
WI,55035,75.8
WI,55037,NaN
WI,55039,70.5
WI,55041,57.1
WI,55043,57.8
WI,55045,65.7
WI,55047,79.2
WI,55049,52.8
WI,55051,71.5
WI,55053,37.8
WI,55055,76.4
WI,55057,105.6
WI,55059,82.8
WI,55061,25.4
WI,55063,79.2
WI,55065,16.4
WI,55067,109.3
WI,55069,88.8
WI,55071,79.0
WI,55073,56.8
WI,55075,86.9
WI,55077,38.6
WI,55078,NaN
WI,55079,97.9
WI,55081,74.3
WI,55083,42.6
WI,55085,108.0
WI,55087,72.1
WI,55089,66.8
WI,55091,68.5
WI,55093,35.8
WI,55095,75.7
WI,55097,74.5
WI,55099,65.4
WI,55101,94.1
WI,55103,14.6
WI,55105,93.5
WI,55107,45.6
WI,55109,57.7
WI,55111,81.7
WI,55113,101.6
WI,55115,57.9
WI,55117,82.4
WI,55119,34.2
WI,55121,41.7
WI,55123,51.7
WI,55125,76.1
WI,55127,76.5
WI,55129,66.6
WI,55131,83.1
WI,55133,82.0
WI,55135,91.3
WI,55137,21.8
WI,55139,76.5
WI,55141,85.9
WV,54001,109.9
WV,54003,119.8
WV,54005,198.7
WV,54007,113.0
WV,54009,133.8
WV,54011,167.5
WV,54013,63.5
WV,54015,82.4
WV,54017,49.3
WV,54019,116.4
WV,54021,65.0
WV,54023,97.7
WV,54025,180.5
WV,54027,91.3
WV,54029,177.0
WV,54031,100.5
WV,54033,153.9
WV,54035,125.3
WV,54037,98.1
WV,54039,160.5
WV,54041,126.1
WV,54043,54.0
WV,54045,300.1
WV,54047,166.1
WV,54049,125.4
WV,54051,157.8
WV,54053,137.5
WV,54055,175.5
WV,54057,114.9
WV,54059,201.2
WV,54061,91.3
WV,54063,26.2
WV,54065,78.4
WV,54067,203.7
WV,54069,121.7
WV,54071,77.1
WV,54073,151.0
WV,54075,82.6
WV,54077,60.5
WV,54079,117.2
WV,54081,208.5
WV,54083,130.2
WV,54085,63.0
WV,54087,138.3
WV,54089,107.1
WV,54091,88.5
WV,54093,54.2
WV,54095,NaN
WV,54097,90.0
WV,54099,77.6
WV,54101,98.8
WV,54103,130.3
WV,54105,62.7
WV,54107,147.6
WV,54109,217.4
WY,56001,59.2
WY,56003,50.3
WY,56005,90.6
WY,56007,77.0
WY,56009,76.9
WY,56011,NaN
WY,56013,86.4
WY,56015,31.0
WY,56017,92.3
WY,56019,62.2
WY,56021,85.7
WY,56023,45.8
WY,56025,94.2
WY,56027,NaN
WY,56029,110.5
WY,56031,51.4
WY,56033,67.1
WY,56035,55.2
WY,56037,95.4
WY,56039,85.4
WY,56041,100.2
WY,56043,94.0
WY,56045,59.1
